Start,End,Sequence,Length,Color
0[87],1[71],CAAGAGTCCACTATTAAAGAACGTACAGGAAA,32,#b8056c
0[119],1[103],AGATAGGGTTGAGTGTTGTTCCAGTTTGACGC,32,#f74308
0[151],1[135],AAAATCCCTTATAAATCAAAAGAACATTGGC,31,#03b6a2
0[183],1[167],AAATCCTGTTTGATGGTGGTTCCGGTAAAGCC,32,#57bb00
0[215],1[199],GCGGTCCACGCTGGTTTGCCCCAGACTCACAT,32,#03b6a2
0[247],1[231],TCACCGCCTGGCCCTGAGAGAGTCTTTCCAG,31,#aaaa00
0[279],1[263],CACCAGTGAGACGGGCAACAGCTGGCATTAAT,32,#007200
1[72],3[71],AACGCTCATTTTTGAATGGCTATTGTATTAAC,32,#f74308
1[104],3[103],TCAATCGTGAAAGCGTAAGAATACGAGAGCCA,32,#f74308
1[136],3[135],AGATTCACTGGCCAACAGAGATTCACCTTG,30,#333333
1[168],3[167],TGGGGTGCGCCGGAAGCATAAAGTGCGCAACT,32,#007200
1[200],3[199],TAATTGCGTTATCCGCTCACAATTGCCTCTTC,32,#03b6a2
1[232],3[231],TCGGGAACATGGTCATAGCTGTGGGATGTG,30,#57bb00
1[264],3[263],GAATCGGCGGATCCCCGGGTACCGACGCCAGG,32,#1700de
2[87],0[88],AGACAATATGGAAATACCTACATTTTGGAA,30,#007200
2[119],0[120],TCTGACCTCTGAAATGGATTATTTATAGCCCG,32,#333333
2[151],0[152],GGGACATTCCAGTCACACGACCAGAAATCGGC,32,#aaaa00
2[183],0[184],ACATACGACTAATGAGTGAGCTACAGGCGA,30,#7300de
2[215],0[216],TGAAATTGTTGCGCTCACTGCCCGTGCAGCAA,32,#57bb00
2[247],0[248],TTCGTAATACCTGTCGTGCCAGCTATTGCCCT,32,#b8056c
2[279],0[280],ACTCTAGACAACGCGCGGGGAGATTCTTTT,30,#b8056c
3[72],5[71],ACCGCCTGTAACAACTAATAGATTTTAATTTT,32,#f74308
3[104],5[103],GCAGCAAAGGAAGGTTATCTAAAATTTGCGGA,32,#f7931e
3[136],5[135],CTGAACCAGTTGGCAAATCAACGAATTATC,30,#b8056c
3[168],5[167],GTTGGGAAATTCGCCATTCAGGCTAACGCCAT,32,#cc0000
3[200],5[199],GCTATTACGCTTCTGGTGCCGGAATCCTGTAG,32,#f74308
3[232],5[231],CTGCAAGAAGATCGCACTCCAGGAGCGAGT,30,#f7931e
3[264],5[263],GTTTTCCCTTTGAGGGGACGACGAGGAACAAA,32,#1700de
4[87],2[88],AGGAGCACCAACAGTGCCACGCTGTGGCAC,30,#1700de
4[119],2[120],GGAATTGATGAAAAATCTAAAGCAAGAACCCT,32,#f74308
4[151],2[152],ATCTGGTCTCAAATATCAAACCCTTAATAAAA,32,#1700de
4[183],2[184],AAAGCGCCGGGCGATCGGTGCGGCCACACA,30,#f74308
4[215],2[216],CCGGCACCGCCAGCTGGCGAAAGGTTCCTGTG,32,#f7931e
4[247],2[248],GCCTCAGGGCGATTAAGTTGGGTAAGCTCGAA,32,#b8056c
4[279],2[280],TCTGCCAGAGTCACGACGTTGTACAGGTCG,30,#57bb00
5[72],7[71],AAAAGTTTAATTATTTGCACGTAATCGCCTGA,32,#f7931e
5[104],7[103],ACAAAGAAATAATGGAAGGGTTAGAATCGCGC,32,#cc0000
5[136],7[135],ATCATATATAATCCTGATTGTTACCTGAGC,30,#f74308
5[168],7[167],CAAAAATATTTTTTAACCAATAGGATTCAACC,32,#f74308
5[200],7[199],CCAGCTTTATTCGCATTAAATTTTGGAGAGGG,32,#b8056c
5[232],7[231],AACAACCTTTAAATTGTAAACGAGGCTATC,30,#b8056c
5[264],7[263],CGGCGGATCCCCAAAAACAGGAAGGCAAACAA,32,#b8056c
6[87],4[88],CATATCAAGAGTAACATTATCATTATCTTT,30,#57bb00
6[119],4[120],ACTTCTGAACCACCAGAAGGAGCGAGTTGAAA,32,#cc0000
6[151],4[152],TCATCAATTCCTGATTATCAGATGCAATCAAT,32,#f7931e
6[183],4[184],TCAGCTCAATTCGCGTCTGGCCTACCAGGC,30,#f74308
6[215],4[216],TTGTTAAACATCAACATTAAATGTCCAGCTTT,32,#57bb00
6[247],4[248],AGCAAATACGTCGGATTCTCCGTGCAGTATCG,32,#cc0000
6[279],4[280],CAGAAAAGTGACCGTAATGGGATCCGTGCA,30,#aaaa00
7[72],9[71],TTGCTTTGTATGTGAGTGAATAACAGTGAATT,32,#007200
7[104],9[103],AGAGGCGATTTTTTAATGGAAACAACTACCTT,32,#cc0000
7[136],9[135],AAAAGAAAATTACATTTAACAATATATAAC,30,#aaaa00
7[168],9[167],GTTCTAGCTCACCATCAATATGATCAATTCTA,32,#57bb00
7[200],9[199],TAGCTATTAAAAGGGTGAGAAAGGCAATAAAT,32,#1700de
7[232],9[231],AGGTCATCAATGCCTGAGTAATCAAAATTA,30,#f7931e
7[264],9[263],GAGAATCGAAAATTTTTAGAACCCAGCTAAAT,32,#03b6a2
8[87],6[88],AATCAATAAATACCAAGTTACAAAACCTAC,30,#f74308
8[119],6[120],GAATTACCATTATTCATTTCAATTTGGATTAT,32,#f7931e
8[151],6[152],ACAAAATTGATGATGAAACAAACAATGGCAAT,32,#333333
8[183],6[184],CAGTCAAATGATAAATTAATGCCTGTTAAA,30,#b8056c
8[215],6[216],AAAGATTCTTTGAGAGATCTACAATTAATATT,32,#333333
8[247],6[248],TTTAAATGTGCCTGAGAGTCTGGAATTGTATA,32,#cc0000
8[279],6[280],CAAGGATAATGAACGGTAATCGTTGATAAT,30,#333333
9[72],11[71],TATCAAAAGGTTTGAAATACCGACACCAGTAT,32,#f74308
9[104],11[103],TTTAACCTAGTTAATTTCATCTTCCTTAATTG,32,#cc0000
9[136],11[135],TATATGTGAACGCGAGAAAACTAACATGTA,30,#f74308
9[168],11[167],CTAATAGTGCTGAAAAGGTGGCATACTCCAAC,32,#aaaa00
9[200],11[199],CATACAGGCTGTTTAGCTATATTTTAATTGCT,32,#333333
9[232],11[231],AGCAATACATTAGATACATTTCCGGATGGC,30,#cc0000
9[264],11[263],CGGTTGTACCAATTCTGCGAACGAATGCTGTA,32,#007200
10[87],8[88],AATTTAATTCATAGGTCTGAGAGGTACATA,30,#f7931e
10[119],8[120],TATATTTTCCGGCTTAGGTTGGGTTTTCATTT,32,#03b6a2
10[151],8[152],AAGACAAAAAATGCTGATGCAAATTCAAGAAA,32,#aaaa00
10[183],8[184],GGGCGCGAAGTAGCATTAACATCCCGGAGA,30,#03b6a2
10[215],8[216],TCAATAACCAAGGCAAAGAATTAGGTGTAGGT,32,#7300de
10[247],8[248],AGTTTGACAAGCCTCAGAGCATAATCATATAT,32,#1700de
10[279],8[280],GTTGATTCCCAAAAACATTATGATTCAACG,30,#aaaa00
11[72],13[71],AAAGCCAAGCTAATGCAGAACGCGTTCCTTAT,32,#333333
11[104],13[103],AGAATCGCGTCCAGACGACGACAACAAGTACC,32,#007200
11[136],13[135],ATTTAGGATAAAGTACCGACAAGTTTTTAT,30,#03b6a2
11[168],13[167],AGGTCAGGACCAGACCGGAAGCAAAGGCTTTT,32,#007200
11[200],13[199],CCTTTTGAATATCGCGTTTTAATTGGTAATAG,32,#f7931e
11[232],13[231],TTAGAGCAAAGATTAAGAGGAACCAATACT,30,#333333
11[264],13[263],GCTCAACAATTATAGTCAGAAGCATGAATCCC,32,#1700de
12[87],10[88],CATGTTCACGCTCAACAGTAGGGTGACCTA,30,#cc0000
12[119],10[120],GTAATTCTCATATTTAACAACGCCTTTTCAAA,32,#333333
12[151],10[152],AAGAGAATCAGAGGCATTTTCGAGCCAATCGC,32,#57bb00
12[182],10[184],AAAGCGAATTAGAGAGTACCTTTCATTTG,29,#b8056c
12[215],10[216],GACTTCAATAAGAGGTCATTTTTGGCAAATGG,32,#b8056c
12[247],10[248],TGCATCAATTAATTGCTGAATATAGTAGATTT,32,#f7931e
12[279],10[280],CCCTGACTTGTTTTAAATATGCATATAACA,30,#f74308
13[72],15[71],CATTCCAAACTTGCGGGAGGTTTTTTTGCCAG,32,#cc0000
13[104],15[103],GCACTCATAAGAACGCGAGGCGTTTTTATCCC,32,#aaaa00
13[136],15[135],TTTCATCAATCAGATATAGAAGGTTTAACG,30,#f7931e
13[168],15[167],GCAAAAGAAAACCAAAATAGCGAGTGAGATGG,32,#03b6a2
13[200],15[199],TAAAATGTATCATAACCCTCGTTTTGAATTAC,32,#7300de
13[232],15[231],GCGGAATAGGAATTACGAGGCACATTATAC,30,#f7931e
13[264],15[263],CCTCAAATACATTCAACTAATGCAATCTACGT,32,#57bb00
14[87],12[88],ACCTCCCGGAACGGGTATTAAACTAAACAA,30,#f74308
14[119],12[120],GGTATTCTCGAGAACAAGCAAGCCAAGGTAAA,32,#f74308
14[151],12[152],AGCAAGCAGTAGGAATCATTACCGCCAGTAAT,32,#aaaa00
14[183],12[183],GACGATAAAGTTTTGCCAGAGGGCGAGCTTC,31,#1700de
14[215],12[216],GCAACACTTTAGACTGGATAGCGTGCCCGAAA,32,#f74308
14[247],12[248],ACGCCAAACGTCATAAATATTCATAAGCGGAT,32,#aaaa00
14[279],12[280],GGAATACCGCTTTAAACAGTTCAGTCTTTA,30,#7300de
15[72],17[71],TTACAAAATAATTGAGCGCTAATAGAAAAGTA,32,#7300de
15[104],17[103],AATCCAAATTAACTGAACACCCTGCAGAAGGA,32,#007200
15[136],17[135],TCAAAAATAAAAACAGGGAAGCGAATACCC,30,#b8056c
15[168],17[167],TTTAATTTAGTAGTAAATTGGGCTGTATCATC,32,#333333
15[200],17[199],CTTATGCGAAGGCTTGCCCTGACGCGCGACCT,32,#03b6a2
15[232],17[231],CAGTCAGTCAACGTAACAAAGCAGGCGCAG,30,#333333
15[264],17[263],TAATAAAATCTTGACAAGAACCGGACTGACCA,32,#1700de
16[87],14[88],TCAGAGGGTAAACAGCCATATTATTAGCGA,30,#f7931e
16[119],14[120],CGGGAGAATAAGAAACGATTTTTTGCTTATCC,32,#007200
16[151],14[152],GAATAACATGAAAATAGCAGCCTTCGCCCAAT,32,#cc0000
16[183],14[184],CCAGAACGCAACTTTAATCATTGACCAGAC,30,#03b6a2
16[215],14[216],CAGTGAATATTTTAAGAACTGGCTTAGTAAGA,32,#f74308
16[247],14[248],TACCCAAAGACGTTGGGAAGAAAAGATACATA,32,#aaaa00
16[279],14[280],AAGAGTAACGAACTAACGGAACAAGATTTA,30,#333333
17[72],19[71],AGCAGATACCACGGAATAAGTTTAACGGAAAT,32,#b8056c
17[104],19[103],AACCGAGGGGTGGCAACATATAAACCGTCACC,32,#f74308
17[136],19[135],AAAAGAATGTTAGCAAACGTAGGCCAGCAA,30,#aaaa00
17[168],19[167],GCCTGATAAGTACAACGGAGATTTGATATATT,32,#1700de
17[200],19[199],GCTCCATGACCCCCAGCGATTATATTAAAGGC,32,#007200
17[232],19[231],ACGGTCAGCAAAAGAATACACTAGCAGCGA,30,#f7931e
17[264],19[263],ACTTTGAACACTACGAAGGCACCAGCAACGGC,32,#cc0000
18[87],16[88],CAAAGACAGCCGAACAAAGTTACAACAAAG,30,#f7931e
18[119],16[120],TACATAAAAAACGCAATAATAACGGCATTAGA,32,#f74308
18[151],16[152],ACGCAGTACTGGCATGATTAAGACTACAGAGA,32,#007200
18[183],16[184],CGAAACAAAATTGTGTCGAAATCAGAAACA,30,#aaaa00
18[215],16[216],CATCTTTGTTACTTAGCCGGAACGTGCTCATT,32,#cc0000
18[247],16[248],CGAAAGAGATCATAAGGGAACCGAATATTCAT,32,#cc0000
18[279],16[280],CGTAATGCAGAGGACAGATGAACCTTCATC,30,#aaaa00
19[72],21[71],TATTCATTTTAGCGTCAGACTGTAACCGCCTC,32,#f74308
19[104],21[103],GACTTGAGGTAATCAGTAGCGACACCGCCACC,32,#7300de
19[136],21[135],AATCACCCGTCACCAATGAAACGCCACCAG,30,#7300de
19[168],21[167],CGGTCGCTTCGCCCACGCATAACCCGATCTAA,32,#57bb00
19[200],21[199],CGCTTTTGCCGATAGTTGCGCCGATAGTAAAT,32,#7300de
19[232],21[231],AAGACAGTTTCGAGGTGAATTTAAACAACT,30,#f74308
19[264],21[263],TACAGAGGGAGCCTTTAATTGTATAATAGAAA,32,#cc0000
20[87],18[88],GTTTGCCTAAAGGTGAATTATCAAGAAACG,30,#1700de
20[119],18[120],GCAGCACCCCATTTGGGAATTAGAAAAATACA,32,#aaaa00
20[151],18[152],GCCGGAAAAGTAGCACCATTACCATCCTTATT,32,#cc0000
20[183],18[184],AACAACCAGAGGCTTGCAGGGAGCCAAGCG,30,#333333
20[215],18[216],GCTTGATACGGGATCGTCACCCTCAAAACACT,32,#1700de
20[247],18[248],CAGCTTGCCATCGGAACGAGGGTAACCTAAAA,32,#aaaa00
20[279],18[280],TCCAAAAGCTTTGAGGACTAAAGTAAAATA,30,#b8056c
21[72],23[71],CCTCAGAGTGGAAAGCGCAGTCTCAGTGCCCG,32,#007200
21[104],23[103],CTCAGAGCACAAACAAATAAATCCCTATTTCG,32,#007200
21[136],23[135],AACCACCGAGGCAGGTCAGACGAGTATTAA,30,#1700de
21[168],23[167],AGTTTTGTCTCATAGTTAGCGTAAGGATTAGG,32,#f74308
21[200],23[199],GAATTTTCCTACAACGCCTGTAGCCAGGCGGA,32,#7300de
21[232],23[231],TTCAACACCGTAACACTGAGTTTAAGTATA,30,#b8056c
21[264],23[263],GGAACAACCAGGGATAGCAAGCCCACTCAGGA,32,#03b6a2
22[87],20[88],AGCCAGAACCGCCACCCTCAGAAGAATCAA,30,#cc0000
22[119],20[120],TGATATTCCACCACCCTCAGAGCCCATCGATA,32,#f74308
22[151],20[152],AGGAGGTTACCAGAGCCGCCGCCATTAGCAAG,32,#b8056c
22[183],20[184],AGACAGCCCGTCTTTCCAGACGTCAATGAC,30,#333333
22[215],20[216],AGTACAAATGTATGGGATTTTGCTCTTAAACA,32,#57bb00
22[247],20[248],CCCATGTAGTTTCAGCGGAGTGAGCGGTTTAT,32,#57bb00
22[279],20[280],CTCATTTTTAAAGGAATTGCGAAAAAAGGC,30,#333333
23[72],22[88],TATAAACAGTTAATGCCCCCTGCTCATTAA,30,#f74308
23[104],22[120],GAACCTATTATTCTGAAACATGAAATTGGCCT,32,#f74308
23[136],22[152],GAGGCTGAGACTCCTCAAGAGAAGCATTGAC,31,#03b6a2
23[168],22[184],ATTAGCGGGGTTTTGCTCAGTACATTCCAC,30,#7300de
23[200],22[216],TAAGTGCCGTCGAGAGGGTTGATATCGTCACC,32,#57bb00
23[232],22[248],GCCCGGAATAGGTGTATCACCGTAATAGGAA,31,#f7931e
23[264],22[280],GGTTTAGTACCGCCACCCTCAGACACCACC,30,#333333
